date,retail_sales_millions,mom_pct_change,yoy_pct_change,rolling_12m_avg,rolling_12m_std,year,month,is_recession
1992-01-01,159177,,,,,1992,1,False
1992-02-01,159189,0.007538777587212664,,,,1992,2,False
1992-03-01,158647,-0.34047578664354594,,,,1992,3,False
1992-04-01,159921,0.8030407130295458,,,,1992,4,False
1992-05-01,160471,0.343919810406379,,,,1992,5,False
1992-06-01,161205,0.4574035183927405,,,,1992,6,False
1992-07-01,162855,1.0235414534288667,,,,1992,7,False
1992-08-01,162412,-0.2720211230849534,,,,1992,8,False
1992-09-01,164361,1.200034480210821,,,,1992,9,False
1992-10-01,166063,1.035525459202602,,,,1992,10,False
1992-11-01,166124,0.0367330470965932,,,,1992,11,False
1992-12-01,167691,0.9432712913245433,,162343.0,3095.038463558907,1992,12,False
1993-01-01,169500,1.0787698803155887,6.4852334194010375,163203.25,3537.9838409878166,1993,1,False
1993-02-01,168840,-0.3893805309734488,6.0626048282230505,164007.5,3638.0259007524182,1993,2,False
1993-03-01,167682,-0.6858564321250871,5.695033628117763,164760.41666666666,3351.4168634212365,1993,3,False
1993-04-01,172102,2.6359418422967185,7.6168858373822035,165775.5,3588.6957240758147,1993,4,False
1993-05-01,172960,0.4985415625617273,7.782714633796761,166816.25,3719.084690057258,1993,5,False
1993-06-01,173018,0.03353376503236749,7.327936478397068,167800.66666666666,3661.770096882707,1993,6,False
1993-07-01,175822,1.6206406269867912,7.962297749531788,168881.25,3969.937121668326,1993,7,False
1993-08-01,175233,-0.3349978955989541,7.894121124054876,169949.66666666666,3791.8545554513566,1993,8,False
1993-09-01,176608,0.7846695542506277,7.451281021653555,170970.25,3799.053641129863,1993,9,False
1993-10-01,177588,0.5549012502264805,6.940137176854577,171930.66666666666,3901.114114369582,1993,10,False
1993-11-01,179758,1.2219294096448063,8.207122390503475,173066.83333333334,4039.181709057922,1993,11,False
1993-12-01,181077,0.733764283091709,7.982539313379977,174182.33333333334,4261.838918788125,1993,12,False
1994-01-01,179615,-0.8073913307598435,5.967551622418887,175025.25,4251.839176916714,1994,1,False
1994-02-01,183101,1.9408178604236825,8.446458185264149,176213.66666666666,4357.5630248054595,1994,2,False
1994-03-01,186721,1.977050917253309,11.354230030653255,177800.25,4434.161479099236,1994,3,False
1994-04-01,186423,-0.15959640318978785,8.321228108912159,178993.66666666666,4681.399486426624,1994,4,False
1994-05-01,185616,-0.43288650005632867,7.31729879740981,180048.33333333334,4623.780592728997,1994,5,False
1994-06-01,187800,1.1766227049392342,8.543619738986695,181280.16666666666,4548.991952936296,1994,6,False
1994-07-01,188062,0.13951011714590233,6.961586149628607,182300.16666666666,4585.981461987978,1994,7,False
1994-08-01,190771,1.4404823941040812,8.86705129741545,183595.0,4602.712026620875,1994,8,False
1994-09-01,192585,0.9508782781449954,9.046589055988408,184926.41666666666,4707.483644703605,1994,9,False
1994-10-01,193914,0.6900848975776919,9.19318872896817,186286.91666666666,4752.77141080167,1994,10,False
1994-11-01,194425,0.26351887950328834,8.15930306300694,187509.16666666666,4806.738675751993,1994,11,False
1994-12-01,194939,0.2643692940722753,7.655306858408295,188664.33333333334,4786.048271863367,1994,12,False
1995-01-01,195908,0.49707857329728267,9.07106867466525,190022.08333333334,4268.566833330154,1995,1,False
1995-02-01,193068,-1.4496600445106922,5.44344378239332,190852.66666666666,3735.8834986053316,1995,2,False
1995-03-01,195179,1.0933971450473479,4.529752946910093,191557.5,3683.0087872923696,1995,3,False
1995-04-01,195310,0.06711787641089373,4.767115645601661,192298.08333333334,3442.3392273366494,1995,4,False
1995-05-01,198060,1.408018022630686,6.704163434186716,193335.08333333334,3104.1279102726066,1995,5,False
1995-06-01,200383,1.172876905988085,6.7002129925452625,194383.66666666666,3188.521581985592,1995,6,False
1995-07-01,199110,-0.6352834322272849,5.874658357350238,195304.33333333334,2763.999090031863,1995,7,False
1995-08-01,201078,0.9883983727587697,5.402812796494216,196163.25,2827.910604379781,1995,8,False
1995-09-01,201337,0.12880573707716447,4.544486849962359,196892.58333333334,2947.2414362134186,1995,9,False
1995-10-01,200597,-0.36754297521072177,3.4463731344823056,197449.5,2964.6005863123723,1995,10,False
1995-11-01,203545,1.469613204584319,4.690754789764684,198209.5,3271.8321667336195,1995,11,False
1995-12-01,204032,0.23925913188729275,4.664536085647297,198967.25,3491.1427960951996,1995,12,False
1996-01-01,203793,-0.11713848808030392,4.024848398227743,199624.33333333334,3603.2385517206912,1996,1,False
1996-02-01,206875,1.5123188725814973,7.151366357967137,200774.91666666666,3522.8754386240807,1996,2,False
1996-03-01,207650,0.3746223564954576,6.389519364275875,201814.16666666666,3561.271040547553,1996,3,False
1996-04-01,209294,0.7917168312063572,7.159899646715484,202979.5,3527.255783698797,1996,4,False
1996-05-01,211157,0.8901354076084278,6.612642633545396,204070.91666666666,3875.7123558323806,1996,5,False
1996-06-01,209474,-0.7970372755816801,4.5368120050104155,204828.5,3976.499134117429,1996,6,False
1996-07-01,210827,0.6459035488891152,5.884686856511467,205804.91666666666,3882.1044540847406,1996,7,False
1996-08-01,210846,0.009012128427565713,4.857816369766965,206618.91666666666,3824.510817401959,1996,8,False
1996-09-01,213233,1.1321058971951015,5.908501666360388,207610.25,3872.39961135216,1996,9,False
1996-10-01,215526,1.075349500311873,7.442284779931896,208854.33333333334,3812.0713609016343,1996,10,False
1996-11-01,215167,-0.16656923062646767,5.709793903068117,209822.83333333334,3816.895474152585,1996,11,False
1996-12-01,215690,0.2430670130642687,5.713809598494346,210794.33333333334,3690.525321890587,1996,12,False
1997-01-01,218124,1.1284714173118937,7.0321355493073945,211988.58333333334,3534.3804512591673,1997,1,False
1997-02-01,219587,0.6707194073096057,6.144773413897275,213047.91666666666,3760.213399610004,1997,2,False
1997-03-01,221189,0.7295513851002022,6.520105947507826,214176.16666666666,4015.827885512674,1997,3,False
1997-04-01,217925,-1.4756610862203812,4.123864038147285,214895.41666666666,3830.5703695482744,1997,4,False
1997-05-01,217771,-0.07066651370885024,3.1322665125948834,215446.58333333334,3717.93890747247,1997,5,False
1997-06-01,220233,1.1305453894228323,5.136198287138272,216343.16666666666,3433.067269773274,1997,6,False
1997-07-01,222985,1.249585666090014,5.766813548549288,217356.33333333334,3451.1293891430278,1997,7,False
1997-08-01,223120,0.06054218893647434,5.821310340248331,218379.16666666666,3152.1189361887186,1997,8,False
1997-09-01,224509,0.6225349587665852,5.288112065205675,219318.83333333334,3159.2653873771824,1997,9,False
1997-10-01,224300,-0.09309203639943364,4.070970555756603,220050.0,3216.4593181719597,1997,10,False
1997-11-01,223718,-0.2594739188586659,3.974122425836679,220762.58333333334,2974.4205076050093,1997,11,False
1997-12-01,225236,0.678532795751785,4.425796281700589,221558.08333333334,2763.486975752207,1997,12,False
1998-01-01,225954,0.31877674972029535,3.589701270836776,222210.58333333334,2803.0428744600244,1998,1,False
1998-02-01,225746,-0.09205413491241154,2.8048108494582946,222723.83333333334,2842.5727410005293,1998,2,False
1998-03-01,226889,0.5063212637211656,2.57698167630398,223198.83333333334,3032.667857404396,1998,3,False
1998-04-01,230409,1.5514194165428874,5.728576345072844,224239.16666666666,3195.927545922818,1998,4,False
1998-05-01,230995,0.25433034299875423,6.0724338869730055,225341.16666666666,3038.9103559525174,1998,5,False
1998-06-01,233207,0.957596484772405,5.891033587155414,226422.33333333334,3348.4819989018856,1998,6,False
1998-07-01,231551,-0.710098753467947,3.8415140031840656,227136.16666666666,3460.279989547211,1998,7,False
1998-08-01,229792,-0.7596598589511561,2.9903191107923943,227692.16666666666,3288.0380675006727,1998,8,False
1998-09-01,232308,1.094903216822174,3.4738028319577285,228342.08333333334,3371.374212889091,1998,9,False
1998-10-01,236174,1.6641699812318222,5.293802942487735,229331.58333333334,3793.2830936786218,1998,10,False
1998-11-01,237592,0.6004047863016337,6.201557317694606,230487.75,4033.5014368299494,1998,11,False
1998-12-01,240140,1.072426681033023,6.617059439876405,231729.75,4533.057930861421,1998,12,False
1999-01-01,240269,0.05371866411261195,6.335360294573222,232922.66666666666,4753.15834392506,1999,1,False
1999-02-01,243346,1.2806479404334326,7.796372914691729,234389.33333333334,5043.859062506051,1999,2,False
1999-03-01,244687,0.5510672047208454,7.844364424895001,235872.5,5250.412927483996,1999,3,False
1999-04-01,246628,0.7932583259429471,7.03922155818566,237224.08333333334,5777.265890907443,1999,4,False
1999-05-01,248367,0.7051105308399697,7.520509101928607,238671.75,6233.042889238854,1999,5,False
1999-06-01,249329,0.3873300398200996,6.913171560030351,240015.25,6670.236729136936,1999,6,False
1999-07-01,251263,0.775681930300931,8.513027367620962,241657.91666666666,6821.761602112813,1999,7,False
1999-08-01,253844,1.0272105323903657,10.466856983706997,243662.25,6546.290887698457,1999,8,False
1999-09-01,255029,0.46682214273332523,9.780549959536478,245555.66666666666,6242.499941141505,1999,9,False
1999-10-01,254816,-0.08351991342161469,7.893332881688919,247109.16666666666,6010.858490089324,1999,10,False
1999-11-01,258133,1.3017235966344298,8.645493114246271,248820.91666666666,5978.917513127935,1999,11,False
1999-12-01,263311,2.005942672963168,9.648954776380435,250751.83333333334,6626.976080362513,1999,12,False
2000-01-01,261545,-0.6706897926786248,8.855074936841634,252524.83333333334,6409.9725972089345,2000,1,False
2000-02-01,265686,1.5832839473130855,9.180344036885746,254386.5,6737.55370361458,2000,2,False
2000-03-01,269019,1.2544883810212015,9.944132708317156,256414.16666666666,7198.696218234503,2000,3,False
2000-04-01,264067,-1.8407621766492355,7.070973287704563,257867.41666666666,6792.288896017979,2000,4,False
2000-05-01,265992,0.7289816599575172,7.096353380279985,259336.16666666666,6448.053206318517,2000,5,False
2000-06-01,267750,0.6609221329964887,7.388230009345076,260871.25,6028.136514787001,2000,6,False
2000-07-01,265683,-0.7719887955182081,5.739006538965152,262072.91666666666,5336.232625063032,2000,7,False
2000-08-01,266885,0.4524188600700807,5.137407226485569,263159.6666666667,4810.007887601337,2000,8,False
2000-09-01,270523,1.363133934091465,6.075387504950425,264450.8333333333,4498.520319016606,2000,9,False
2000-10-01,270339,-0.06801639786635505,6.09184666582947,265744.4166666667,3622.7028447713506,2000,10,False
2000-11-01,268850,-0.5507899341197553,4.151735733129813,266637.5,2804.2750643192985,2000,11,False
2000-12-01,268338,-0.1904407662265184,1.9091492569623059,267056.4166666667,2632.3813780864666,2000,12,False
2001-01-01,272881,1.6930140345385203,4.334244585061842,268001.0833333333,2505.7219049908945,2001,1,False
2001-02-01,272627,-0.09308086675143823,2.612482404040861,268579.5,2715.1053721389953,2001,2,False
2001-03-01,269820,-1.029611887303894,0.2977484861663937,268646.25,2736.6532688004577,2001,3,True
2001-04-01,274410,1.7011340893929194,3.916808991657428,269508.1666666667,2791.520629377916,2001,4,True
2001-05-01,275769,0.4952443424073527,3.6756744563746224,270322.9166666667,3083.493545796705,2001,5,True
2001-06-01,274474,-0.46959592992685817,2.5112978524743257,270883.25,3182.782776839448,2001,6,True
2001-07-01,273098,-0.5013225296385038,2.790920006172759,271501.1666666667,2775.08122185267,2001,7,True
2001-08-01,275659,0.9377586068004984,3.2875583116323437,272232.3333333333,2598.516371573216,2001,8,True
2001-09-01,268652,-2.541908662514192,-0.6916232630866825,272076.4166666667,2761.429256359727,2001,9,True
2001-10-01,288632,7.4371305629587825,6.76668923092858,273600.8333333333,5452.797244339818,2001,10,True
2001-11-01,280033,-2.9792261426314526,4.159568532639013,274532.75,5522.217129263269,2001,11,True
2001-12-01,276302,-1.3323429738637982,2.967898694929527,275196.4166666667,5177.868804446689,2001,12,False
2002-01-01,277135,0.3014817120397195,1.5589212880339876,275550.9166666667,5150.485298552725,2002,1,False
2002-02-01,278869,0.625687841665612,2.2895751337908665,276071.0833333333,5143.539592331398,2002,2,False
2002-03-01,278079,-0.28328713481957646,3.060929508561272,276759.3333333333,4770.052645666116,2002,3,False
2002-04-01,281147,1.1032835992649481,2.4550854560693836,277320.75,4863.9435202502145,2002,4,False
2002-05-01,278966,-0.7757507638352923,1.159303620058827,277587.1666666667,4858.774608578998,2002,5,False
2002-06-01,280426,0.5233612698321677,2.1685114072735434,278083.1666666667,4815.690016325359,2002,6,False
2002-07-01,284161,1.3319021774015338,4.050926773539176,279005.0833333333,4833.487174406704,2002,7,False
2002-08-01,285884,0.6063464022156406,3.709293003312064,279857.1666666667,5084.7298101695615,2002,8,False
2002-09-01,281064,-1.685998516880971,4.620103330702907,280891.5,3661.3682365530153,2002,9,False
2002-10-01,282940,0.6674636381749366,-1.9720613099032724,280417.1666666667,2845.137760951257,2002,10,False
2002-11-01,283408,0.16540609316462174,1.2052150996489708,280698.4166666667,2967.8761753865588,2002,11,False
2002-12-01,286646,1.142522441144922,3.7437296870815207,281560.4166666667,3075.1189026043503,2002,12,False
2003-01-01,288657,0.701562205647388,4.157540548829997,282520.5833333333,3353.8859539983605,2003,1,False
2003-02-01,284696,-1.372216852527397,2.0895115627767913,283006.1666666667,3195.208681002676,2003,2,False
2003-03-01,288177,1.2227077303509803,3.63134217254808,283847.6666666667,3108.142132392761,2003,3,False
2003-04-01,289053,0.30397984571981507,2.8120520581759623,284506.5,3314.6942955166965,2003,4,False
2003-05-01,289619,0.19581184073509394,3.8187449366589465,285394.25,3116.5612788054277,2003,5,False
2003-06-01,293671,1.3990794802827056,4.723171175283314,286498.0,3516.7703417152234,2003,6,False
2003-07-01,296207,0.8635513891395385,4.2391461178697964,287501.8333333333,4397.885294162469,2003,7,False
2003-08-01,299592,1.1427819058968947,4.794951798631608,288644.1666666667,5564.914323172211,2003,8,False
2003-09-01,298921,-0.2239712675905947,6.353357242478586,290132.25,5738.487750191359,2003,9,False
2003-10-01,298205,-0.23952816965017165,5.395136778115495,291404.3333333333,5690.942873363312,2003,10,False
2003-11-01,299433,0.4117972535671699,5.65439225427653,292739.75,5521.637012287295,2003,11,False
2003-12-01,300702,0.4238009838595014,4.903609329974956,293911.0833333333,5601.725407219252,2003,12,False
2004-01-01,301993,0.429328704165588,4.620016143727668,295022.4166666667,5784.492174746574,2004,1,False
2004-02-01,303915,0.636438592947508,6.750709528760512,296624.0,5306.309914535623,2004,2,False
2004-03-01,309471,1.8281427372785153,7.389208715476947,298398.5,5765.363435678934,2004,3,False
2004-04-01,307358,-0.6827780308978904,6.332748665469645,299923.9166666667,5482.576442420071,2004,4,False
2004-05-01,311088,1.2135685422211218,7.41284238948412,301713.0,5314.4802875994665,2004,5,False
2004-06-01,309127,-0.6303682559275825,5.263032441065008,303001.0,5054.853761036577,2004,6,False
2004-07-01,311681,0.8261976469218224,5.224049397887298,304290.5,5137.183991609404,2004,7,False
2004-08-01,311192,-0.156891180405605,3.8719324948596867,305257.1666666667,5262.549672983428,2004,8,False
2004-09-01,317446,2.0096917658551705,6.1972895848736,306800.9166666667,5911.940159286302,2004,9,False
2004-10-01,318476,0.32446463335495945,6.797672741905747,308490.1666666667,6124.736741405965,2004,10,False
2004-11-01,320520,0.6418066039513226,7.042309965835436,310247.4166666667,6312.079998029868,2004,11,False
2004-12-01,324672,1.295394983152387,7.971347047907895,312244.9166666667,6791.300872284562,2004,12,False
2005-01-01,321272,-1.047210723437808,6.38392280615776,313851.5,6415.553267434343,2005,1,False
2005-02-01,325308,1.2562563808859784,7.039139233009228,315634.25,6375.603716513064,2005,2,False
2005-03-01,326179,0.2677462589300017,5.398890364525277,317026.5833333333,6722.246289318616,2005,3,False
2005-04-01,329124,0.9028784808341461,7.081644206430293,318840.4166666667,6812.159161894672,2005,4,False
2005-05-01,327233,-0.5745554866858682,5.189849817415015,320185.8333333333,6735.755175768705,2005,5,False
2005-06-01,337219,3.0516482139637535,9.08752713286125,322526.8333333333,7392.51449204992,2005,6,False
2005-07-01,339529,0.6850147826783282,8.934776261626464,324847.5,8022.454968853961,2005,7,False
2005-08-01,335605,-1.1557186573164624,7.844996015321737,326881.9166666667,7308.416896831763,2005,8,False
2005-09-01,336600,0.2964794922602376,6.033782123573772,328478.0833333333,7150.169590594334,2005,9,False
2005-10-01,336753,0.04545454545454852,5.738893982592086,330001.1666666667,6761.988395481309,2005,10,False
2005-11-01,339719,0.8807642396652771,5.989953825034311,331601.0833333333,6583.701093104961,2005,11,False
2005-12-01,339895,0.051807523276581335,4.688732012615815,332869.6666666667,6593.809318849887,2005,12,False
2006-01-01,349664,2.874122890892772,8.837371448492238,335235.6666666667,7126.32649640415,2006,1,False
2006-02-01,347021,-0.7558684908941182,6.674597612109134,337045.0833333333,7133.005709165557,2006,2,False
2006-03-01,348357,0.38499111004810516,6.799334107959121,338893.25,6931.9846708783025,2006,3,False
2006-04-01,350072,0.49231104872300424,6.3647743707538895,340638.9166666667,6885.653774445414,2006,4,False
2006-05-01,348889,-0.33793048287209526,6.617914452393259,342443.5833333333,5805.93676504631,2006,5,False
2006-06-01,350795,0.5463055585014143,4.025870428415956,343574.9166666667,6014.292272403998,2006,6,False
2006-07-01,351916,0.3195598568964675,3.6482892477520235,344607.1666666667,6312.37295581885,2006,7,False
2006-08-01,353285,0.38901328726173023,5.2680979127247785,346080.5,6079.20321483769,2006,8,False
2006-09-01,351240,-0.5788527675955724,4.349376114081993,347300.5,5438.946998690641,2006,9,False
2006-10-01,351035,-0.05836465095091503,4.241090651011281,348490.6666666667,4380.767498830384,2006,10,False
2006-11-01,352116,0.3079465010611404,3.6491924207948223,349523.75,3496.7014878990567,2006,11,False
2006-12-01,356367,1.207272603346632,4.846202503714392,350896.4166666667,2449.541940795896,2006,12,False
2007-01-01,355792,-0.16135051786501098,1.7525395808547728,351407.0833333333,2785.0466442462603,2007,1,False
2007-02-01,356545,0.21164050906148368,2.744502494085377,352200.75,2778.536440290374,2007,2,False
2007-03-01,359415,0.8049474820850167,3.1743297823784156,353122.25,3190.952468952277,2007,3,False
2007-04-01,358562,-0.2373301058664734,2.4252153842638124,353829.75,3388.2703317372675,2007,4,False
2007-05-01,363085,1.2614275913231277,4.06891590161913,355012.75,3939.761278534575,2007,5,False
2007-06-01,360234,-0.7852155831279184,2.6907453070881937,355799.3333333333,3963.313405666719,2007,6,False
2007-07-01,361770,0.42638951348290544,2.800100023869323,356620.5,4103.91377501402,2007,7,False
2007-08-01,363676,0.5268540785581921,2.9412513975968446,357486.4166666667,4420.201259475098,2007,8,False
2007-09-01,365178,0.4130049824569104,3.968226853433543,358647.9166666667,4460.673786415133,2007,9,False
2007-10-01,367322,0.587110943156488,4.639708291196043,360005.1666666667,4411.260463723672,2007,10,False
2007-11-01,370776,0.940319392794331,5.29938997375865,361560.1666666667,4659.369911234908,2007,11,False
2007-12-01,366569,-1.1346473342395358,2.8627791013197124,362410.3333333333,4555.247111019203,2007,12,True
2008-01-01,367368,0.21796714943163042,3.253586365067229,363375.0,4241.16386256366,2008,1,True
2008-02-01,364126,-0.8824938481304834,2.126239324629431,364006.75,3655.481366763151,2008,2,True
2008-03-01,365164,0.28506615841770166,1.5995437029617587,364485.8333333333,3364.0991454818345,2008,3,True
2008-04-01,364816,-0.09529964618637532,1.7441892894394906,365007.0,2800.107562873637,2008,4,True
2008-05-01,368255,0.9426669882899974,1.423909002024315,365437.8333333333,2874.2530676674423,2008,5,True
2008-06-01,368926,0.18221069639243748,2.4128760749956957,366162.1666666667,2516.602284953358,2008,6,True
2008-07-01,367594,-0.36104801504909245,1.6098626198966182,366647.5,2123.43193482741,2008,7,True
2008-08-01,364611,-0.8114931146863125,0.25709697642957163,366725.4166666667,2019.0741108682128,2008,8,True
2008-09-01,358991,-1.5413687464174153,-1.694242259938994,366209.8333333333,3001.2126589545146,2008,9,True
2008-10-01,346137,-3.580591156881374,-5.767419321467271,364444.4166666667,6490.282406777248,2008,10,True
2008-11-01,332498,-3.9403473191250815,-10.323753425248672,361254.5833333333,10961.691860611352,2008,11,True
2008-12-01,324767,-2.325126767679808,-11.403582954368751,357771.0833333333,15012.809739191833,2008,12,True
2009-01-01,329787,1.5457235494985566,-10.22979682498203,354639.3333333333,16658.44812336394,2009,1,True
2009-02-01,328376,-0.4278519165400674,-9.818030022574609,351660.1666666667,17953.990333037556,2009,2,True
2009-03-01,322634,-1.7486052573878696,-11.646821702029776,348116.0,19200.46137229799,2009,3,True
2009-04-01,324323,0.5235034125355753,-11.099568001403448,344741.5833333333,19553.682473262324,2009,4,True
2009-05-01,327011,0.8288033842804854,-11.199847931460539,341304.5833333333,18648.784203404914,2009,5,True
2009-06-01,332227,1.5950533774093278,-9.947523351566435,338246.3333333333,16604.418411612332,2009,6,True
2009-07-01,333670,0.4343415797030348,-9.228659880193913,335419.3333333333,13805.55869162452,2009,7,False
2009-08-01,339586,1.7730092606467407,-6.8634791599814555,333333.9166666667,10486.129864630157,2009,8,False
2009-09-01,330998,-2.5289617357606042,-7.797688521439261,331001.1666666667,6683.888536600945,2009,9,False
2009-10-01,334595,1.0867135148852958,-3.334517835423545,330039.3333333333,4900.266529548588,2009,10,False
2009-11-01,337321,0.814716298809004,1.450535040812273,330441.25,5301.611386688282,2009,11,False
2009-12-01,338736,0.4194817399450379,4.301237502578781,331605.3333333333,5473.26228684639,2009,12,False
2010-01-01,339093,0.1053918095508033,2.8218213574216167,332380.8333333333,5839.245076259039,2010,1,False
2010-02-01,339580,0.1436184173663202,3.411942407484103,333314.5,6033.189439939018,2010,2,False
2010-03-01,346974,2.177395606337229,7.544152197226572,335342.8333333333,6205.073801237079,2010,3,False
2010-04-01,349869,0.8343564647495194,7.876715496588282,337471.6666666667,6457.708323228213,2010,4,False
2010-05-01,346858,-0.8606078275011475,6.069214797055755,339125.5833333333,6064.609609835583,2010,5,False
2010-06-01,346516,-0.09859942685479517,4.300974935811963,340316.3333333333,5989.290189138505,2010,6,False
2010-07-01,347612,0.31629131122372645,4.178379836365265,341478.1666666667,5934.814783560305,2010,7,False
2010-08-01,349188,0.45337905480824503,2.8275606179288815,342278.3333333333,6292.999910917111,2010,8,False
2010-09-01,352179,0.8565586446269702,6.399132321041212,344043.4166666667,5791.933080640864,2010,9,False
2010-10-01,356215,1.1460081379071507,6.461543059519714,345845.0833333333,5946.230333098387,2010,10,False
2010-11-01,359450,0.9081593981163039,6.560220087098045,347689.1666666667,6470.634700263988,2010,11,False
2010-12-01,361979,0.7035749061065522,6.861685796608574,349626.0833333333,7003.76935473047,2010,12,False
2011-01-01,364394,0.6671657748101412,7.461374903050189,351734.5,7344.640006031785,2011,1,False
2011-02-01,367475,0.8455133728875852,8.214559161316926,354059.0833333333,7559.270785639876,2011,2,False
2011-03-01,370775,0.8980202734879983,6.859591784975239,356042.5,8584.258780943499,2011,3,False
2011-04-01,372820,0.5515474344278903,6.55988384223809,357955.0833333333,9582.470695431994,2011,4,False
2011-05-01,372505,-0.08449117536613038,7.394092106856398,360092.3333333333,9741.20562198147,2011,5,False
2011-06-01,375587,0.8273714446785929,8.38951159542416,362514.9166666667,9672.561496395008,2011,6,False
2011-07-01,375442,-0.03860623504008398,8.006052725452516,364834.0833333333,9093.519445272277,2011,7,False
2011-08-01,375860,0.11133543929555678,7.63829226663002,367056.75,8130.19626426609,2011,8,False
2011-09-01,380042,1.1126483265045506,7.9116017706904795,369378.6666666667,7444.7950864225695,2011,9,False
2011-10-01,382207,0.5696738781503008,7.296716870429365,371544.6666666667,7036.657630302624,2011,10,False
2011-11-01,383422,0.3178905671534116,6.669077757685349,373542.3333333333,6684.868100059169,2011,11,False
2011-12-01,383985,0.14683560150434705,6.079358194812401,375376.1666666667,6227.106067005412,2011,12,False
2012-01-01,387531,0.9234735731864507,6.349445929406072,377304.25,6098.19104511884,2012,1,False
2012-02-01,392310,1.2331916672472687,6.758282876386157,379373.8333333333,6648.496410106106,2012,2,False
2012-03-01,393698,0.3538018403813403,6.182455667183606,381284.0833333333,7221.688954538586,2012,3,False
2012-04-01,392073,-0.4127529222906934,5.164154283568467,382888.5,7308.4688546949055,2012,4,False
2012-05-01,391376,-0.1777730167596303,5.065972268828611,384461.0833333333,6889.354442096493,2012,5,False
2012-06-01,387901,-0.8878929724868145,3.278601229542022,385487.25,6342.8034112436435,2012,6,False
2012-07-01,389686,0.4601689606368531,3.7939282232675176,386674.25,5578.836081368208,2012,7,False
2012-08-01,394524,1.2415123971607933,4.965678710158028,388229.5833333333,4842.983330337668,2012,8,False
2012-09-01,397681,0.8002048037635268,4.641329116255566,389699.5,4808.744487442166,2012,9,False
2012-10-01,397494,-0.04702261360235438,3.9996651029416075,390973.4166666667,4666.18949969046,2012,10,False
2012-11-01,399708,0.5569895394647473,4.247539264830924,392330.5833333333,4638.502941459845,2012,11,False
2012-12-01,401093,0.34650294715141694,4.455382371707217,393756.25,4466.172697986037,2012,12,False
2013-01-01,404434,0.8329738988214652,4.361715578882719,395164.8333333333,4962.266781030214,2013,1,False
2013-02-01,409118,1.1581617767052244,4.284366954704177,396565.5,6280.29667076197,2013,2,False
2013-03-01,406223,-0.7076198065105954,3.181372524117476,397609.25,6781.225219481379,2013,3,False
2013-04-01,404231,-0.4903710523530225,3.1009531388287437,398622.4166666667,6787.11746899501,2013,4,False
2013-05-01,406677,0.605099559410327,3.909539675401663,399897.5,6739.101012346152,2013,5,False
2013-06-01,407921,0.3058938666312683,5.161110695770321,401565.8333333333,5928.596443336276,2013,6,False
2013-07-01,410268,0.5753565028522756,5.281688333684054,403281.0,5098.364425798136,2013,7,False
2013-08-01,409691,-0.14063977692629903,3.844379556123334,404544.9166666667,4584.159930152372,2013,8,False
2013-09-01,410044,0.08616249807782417,3.108773112117502,405575.1666666667,4280.498374418238,2013,9,False
2013-10-01,411399,0.330452341699905,3.498166010052972,406733.9166666667,3742.248848892117,2013,10,False
2013-11-01,412561,0.28245085671088077,3.2155973860918508,407805.0,3369.2925073471224,2013,11,False
2013-12-01,414812,0.5456162846221524,3.4204037467619797,408948.25,3208.459135284978,2013,12,False
2014-01-01,411561,-0.7837285324436172,1.7622158374419605,409542.1666666667,2945.7438583241874,2014,1,False
2014-02-01,416736,1.25740777187342,1.8620544683929818,410177.0,3595.2827174297568,2014,2,False
2014-03-01,421230,1.0783805574752447,3.6942762965169296,411427.5833333333,4572.186913754796,2014,3,False
2014-04-01,425546,1.0246183795076247,5.272975105818212,413203.8333333333,5556.584412514826,2014,4,False
2014-05-01,426253,0.16613950078252504,4.813648177792196,414835.1666666667,6291.250415294985,2014,5,False
2014-06-01,427305,0.24680178204024017,4.751900490536154,416450.5,6820.807543504384,2014,6,False
2014-07-01,428079,0.18113525467757796,4.341308608031813,417934.75,7275.86483613524,2014,7,False
2014-08-01,431379,0.770885747724126,5.293745774254255,419742.0833333333,7721.936279301293,2014,8,False
2014-09-01,430189,-0.2758595110100348,4.912887397450039,421420.8333333333,7610.866201255216,2014,9,False
2014-10-01,431903,0.3984295274867655,4.98396933390699,423129.5,7456.432860294324,2014,10,False
2014-11-01,433113,0.28015549787798744,4.981566362307643,424842.1666666667,7162.786758768784,2014,11,False
2014-12-01,430110,-0.6933525431007559,3.687935739563941,426117.0,6550.5314149510805,2014,12,False
2015-01-01,428208,-0.4422124572783681,4.0448438992032765,427504.25,4684.652643093602,2015,1,False
2015-02-01,427119,-0.25431565967940495,2.4915054134991843,428369.5,3255.9734335649778,2015,2,False
2015-03-01,433647,1.5283796787312287,2.9477957410440903,429404.25,2707.6666951269854,2015,3,False
2015-04-01,434470,0.18978570127314853,2.0970705869635786,430147.9166666667,2776.284255121191,2015,4,False
2015-05-01,437865,0.7814118351094468,2.724203700619121,431115.5833333333,3274.304241397647,2015,5,False
2015-06-01,437951,0.019640756854277797,2.4914288388855788,432002.75,3576.3026901958383,2015,6,False
2015-07-01,441942,0.9112891624862174,3.238420945666576,433158.0,4349.158706535107,2015,7,False
2015-08-01,441849,-0.02104348534422984,2.4271000674580767,434030.5,4966.254862944683,2015,8,False
2015-09-01,439867,-0.44856953393580534,2.2497088489012995,434837.0,5070.438962536995,2015,9,False
2015-10-01,438693,-0.2668988580639131,1.5721122566872747,435402.8333333333,5092.072588103065,2015,10,False
2015-11-01,440303,0.3669992454860216,1.660074853444704,436002.0,5219.556964836937,2015,11,False
2015-12-01,442149,0.41925673910920835,2.7990514054544224,437005.25,5140.510606500308,2015,12,False
2016-01-01,439466,-0.6068090168698803,2.629096140193554,437943.4166666667,4356.553526456004,2016,1,False
2016-02-01,443117,0.8307809932964094,3.74556037076319,439276.5833333333,2970.232817897231,2016,2,False
2016-03-01,441856,-0.28457495424458745,1.8930143642178932,439960.6666666667,2456.7283245601448,2016,3,False
2016-04-01,444254,0.542710747392805,2.251939144244708,440776.0,2060.421933863365,2016,4,False
2016-05-01,445490,0.27821921693444995,1.7414043141150914,441411.4166666667,2248.2629035378623,2016,5,False
2016-06-01,450237,1.0655682506902409,2.805336670084091,442435.25,3146.9923339741244,2016,6,False
2016-07-01,449789,-0.09950315056292958,1.7755723601739604,443089.1666666667,3785.645467572603,2016,7,False
2016-08-01,449946,0.03490525557539037,1.8325264966085664,443763.9166666667,4238.963498070216,2016,8,False
2016-09-01,453056,0.6911940543976369,2.9984063364608016,444863.0,4808.306921842562,2016,9,False
2016-10-01,453847,0.1745921034044251,3.4543519044069493,446125.8333333333,5025.610317235163,2016,10,False
2016-11-01,453892,0.009915235751245532,3.0862837636809193,447258.25,5124.308345798727,2016,11,False
2016-12-01,459305,1.1925744450221654,3.8801399528213265,448687.9166666667,5903.283253778235,2016,12,False
2017-01-01,464412,1.111897323129507,5.676434581969936,450766.75,6699.258834521591,2017,1,False
2017-02-01,464284,-0.027561733977587988,4.776842233541023,452530.6666666667,7264.742419682962,2017,2,False
2017-03-01,463674,-0.13138510049883756,4.937807792584015,454348.8333333333,7078.1219624453715,2017,3,False
2017-04-01,465276,0.3455013651832983,4.7319776524240575,456100.6666666667,6952.881591422641,2017,4,False
2017-05-01,462754,-0.5420438621377421,3.8752833958113575,457539.3333333333,6314.5693199989755,2017,5,False
2017-06-01,465130,0.5134477497763301,3.3078134404769033,458780.4166666667,6211.5898778581395,2017,6,False
2017-07-01,465089,-0.00881473996516835,3.401594970085964,460055.4166666667,5751.42264549167,2017,7,False
2017-08-01,466020,0.20017674036583166,3.5724286914429637,461394.9166666667,5006.471384099064,2017,8,False
2017-09-01,475724,2.0823140637740822,5.003354993643172,463283.9166666667,5789.312715668792,2017,9,False
2017-10-01,476107,0.08050886648560684,4.904736618287653,465138.9166666667,6051.005392929382,2017,10,False
2017-11-01,480949,1.0169982797984423,5.961109691292199,467393.6666666667,6503.28699175121,2017,11,False
2017-12-01,483586,0.5482909830356153,5.286465420581088,469417.0833333333,7464.185451010857,2017,12,False
2018-01-01,481414,-0.449144516177058,3.660973445991922,470833.9166666667,8020.66002111771,2018,1,False
2018-02-01,484031,0.5436069578367064,4.253215704181068,472479.5,8562.11064145274,2018,2,False
2018-03-01,484110,0.016321268679075907,4.407406928143476,474182.5,8682.98397076024,2018,3,False
2018-04-01,484154,0.009088843444682304,4.057376696842296,475755.6666666667,8632.618620241541,2018,4,False
2018-05-01,491960,1.6122969137918997,6.311344688538623,478189.5,8750.052950495907,2018,5,False
2018-06-01,490228,-0.3520611431823695,5.3959108206308,480281.0,8334.376608641198,2018,6,False
2018-07-01,493142,0.5944172915459678,6.031748762064892,482618.75,7586.5174921839325,2018,7,False
2018-08-01,493445,0.06144274874173572,5.884940560490959,484904.1666666667,6120.898327325569,2018,8,False
2018-09-01,491507,-0.3927489385848526,3.31767999932735,486219.4166666667,5646.259557667256,2018,9,False
2018-10-01,496416,0.9987650226751521,4.265637766300423,487911.8333333333,5376.893050723044,2018,10,False
2018-11-01,498854,0.4911203506736239,3.722847952693531,489403.9166666667,5741.040283607659,2018,11,False
2018-12-01,489113,-1.9526755323200806,1.1429197702166771,489864.5,5445.981112054539,2018,12,False
2019-01-01,490440,0.2713074483810418,1.874893542771927,490616.6666666667,4751.81311489793,2019,1,False
2019-02-01,491751,0.26731098605334846,1.594939167119458,491260.0,4278.128095338958,2019,2,False
2019-03-01,499292,1.533499677682415,3.1360641176592097,492525.1666666667,4215.867684529797,2019,3,False
2019-04-01,499343,0.010214463680568997,3.1372249325627877,493790.9166666667,3725.7078268076925,2019,4,False
2019-05-01,504741,1.0810204608856067,2.5979754451581405,494856.0,4820.685786760642,2019,5,False
2019-06-01,505251,0.10104192050972571,3.0644924402522866,496107.9166666667,5422.673132473177,2019,6,False
2019-07-01,509091,0.7600182879400563,3.2341597349242246,497437.0,6480.919295070949,2019,7,False
2019-08-01,512561,0.6816070211415948,3.8739879824499113,499030.0,7653.715603913395,2019,8,False
2019-09-01,509282,-0.6397287347262082,3.6164286571707116,500511.25,7784.318410353599,2019,9,False
2019-10-01,510648,0.26822074999706125,2.866950299748594,501697.25,8177.88158972657,2019,10,False
2019-11-01,514215,0.6985242280396653,3.0792576585534137,502977.3333333333,8865.673612658857,2019,11,False
2019-12-01,515866,0.32107192516748206,5.469697186539713,505206.75,8414.577503851157,2019,12,False
2020-01-01,515119,-0.144805046271701,5.032012070793579,507263.3333333333,7436.382519063557,2020,1,False
2020-02-01,515330,0.04096140891716171,4.794906365213292,509228.25,5926.868637066879,2020,2,True
2020-03-01,468324,-9.12153377447461,-6.202382573724396,506647.5833333333,13076.404874701091,2020,3,True
2020-04-01,401028,-14.369539037076894,-19.68887117672622,498454.6666666667,33272.38665739087,2020,4,True
2020-05-01,478449,19.30563451928544,-5.209008184395558,496263.6666666667,33683.920891223366,2020,5,False
2020-06-01,518038,8.274445134173124,2.5308213145545544,497329.25,34192.497329958576,2020,6,False
2020-07-01,526304,1.595635841386156,3.381124396227797,498763.6666666667,35080.30057229496,2020,7,False
2020-08-01,530735,0.8419088587584334,3.5457243137889893,500278.1666666667,36107.38730215762,2020,8,False
2020-09-01,541302,1.991012463847297,6.28728288060445,502946.5,37968.435992642735,2020,9,False
2020-10-01,539114,-0.40421058854391845,5.574485751437397,505318.6666666667,39357.189832548866,2020,10,False
2020-11-01,533941,-0.9595373149278275,3.836138580165893,506962.5,40166.176712843975,2020,11,False
2020-12-01,538548,0.862829413736721,4.396878259082793,508852.6666666667,41145.01848414633,2020,12,False
2021-01-01,559230,3.840326210477052,8.563264022488015,512528.5833333333,43649.948898145856,2021,1,False
2021-02-01,544891,-2.564061298571252,5.736324297052375,514992.0,44645.223142623945,2021,2,False
2021-03-01,603581,10.770961531755896,28.88107378652387,526263.4166666666,48683.32376129542,2021,3,False
2021-04-01,608961,0.8913468117783596,51.849995511535354,543591.1666666666,35191.28998341938,2021,4,False
2021-05-01,605282,-0.6041437793224858,26.50919951760793,554160.5833333334,32814.07959026438,2021,5,False
2021-06-01,611950,1.1016352708324462,18.128399847115475,561986.5833333334,34567.74949010641,2021,6,False
2021-07-01,601817,-1.6558542364572215,14.347791390527153,568279.3333333334,34354.109534070805,2021,7,False
2021-08-01,605533,0.617463448191069,14.093285726398296,574512.5,33702.28421581814,2021,8,False
2021-09-01,609671,0.6833649033165745,12.63047245345481,580209.9166666666,33354.75938087712,2021,9,False
2021-10-01,618573,1.4601317759906474,14.73881219927511,586831.5,32325.963548884167,2021,10,False
2021-11-01,624874,1.0186348256390199,17.0305333360802,594409.25,29318.63569356479,2021,11,False
2021-12-01,619938,-0.7899192477203387,15.112859020922919,601191.75,24186.05258906596,2021,12,False
2022-01-01,631509,1.866476970277664,12.92473579743576,607215.0,21653.48856210581,2022,1,False
2022-02-01,638101,1.0438489396033868,17.10617352828363,614982.5,11690.184620214688,2022,2,False
2022-03-01,651027,2.025698126158715,7.860751083947304,618936.3333333334,15029.917990063626,2022,3,False
2022-04-01,660194,1.408082921292042,8.413182453391933,623205.75,18753.994828379553,2022,4,False
2022-05-01,659847,-0.052560308030669134,9.014806321681457,627752.8333333334,20542.73666744621,2022,5,False
2022-06-01,666113,0.9496140772027539,8.850886510335808,632266.4166666666,22601.986957945326,2022,6,False
2022-07-01,659550,-0.9852682652943257,9.593115515181516,637077.5,21656.02294765251,2022,7,False
2022-08-01,663566,0.608900007580937,9.583788166788597,641913.5833333334,20415.56749354509,2022,8,False
2022-09-01,661854,-0.2579999578037451,8.559206522862329,646262.1666666666,18379.492696699795,2022,9,False
2022-10-01,668671,1.0299854650723583,8.098963258984782,650437.0,17168.094959709913,2022,10,False
2022-11-01,659458,-1.3778076213863066,5.534555766442506,653319.0,15286.413200800804,2022,11,False
2022-12-01,651763,-1.1668673365096804,5.133577873916417,655971.0833333334,11176.867901317251,2022,12,False
2023-01-01,680253,4.3712208272025155,7.718654841023653,660033.0833333334,10301.659023135542,2023,1,False
2023-02-01,672152,-1.1908804518318883,5.336302560252992,662870.6666666666,8183.104971211026,2023,2,False
2023-03-01,665071,-1.0534819505111925,2.1572069975592356,664041.0,7290.891839709543,2023,3,False
2023-04-01,670494,0.8154016638824979,1.5601474718037522,664899.3333333334,7402.266905042973,2023,4,False
2023-05-01,673902,0.5082819533060778,2.1300392363684306,666070.5833333334,7638.354921164361,2023,5,False
2023-06-01,677117,0.4770723339595273,1.6519719627150264,666987.5833333334,8277.68071886647,2023,6,False
2023-07-01,678424,0.19302424839429122,2.861648093397018,668560.4166666666,8525.407497157203,2023,7,False
2023-08-01,684755,0.933192221973278,3.1932015805511416,670326.1666666666,9531.832589555446,2023,8,False
2023-09-01,689403,0.6787829223591002,4.16239835371548,672621.9166666666,10567.172593884665,2023,9,False
2023-10-01,686148,-0.47214764078484794,2.613691935196827,674078.3333333334,11160.840212214463,2023,10,False
2023-11-01,685328,-0.1195077446848214,3.922918517934426,676234.1666666666,10562.529576799536,2023,11,False
2023-12-01,686277,0.1384738402633534,5.295483174098559,679110.3333333334,7567.813594838285,2023,12,False
2024-01-01,680456,-0.8481997793893692,0.029841838257227415,679127.25,7570.826340461871,2024,1,False
2024-02-01,685280,0.7089363603230758,1.9531296492460104,680221.25,7418.231314880093,2024,2,False
2024-03-01,687641,0.3445307027784228,3.393622635778737,682102.0833333334,5942.175305072989,2024,3,False
2024-04-01,687602,-0.005671564086495717,2.551551542593966,683527.75,4857.188676700551,2024,4,False
2024-05-01,692774,0.7521793130328192,2.8004071808660713,685100.4166666666,4499.230347499051,2024,5,False
2024-06-01,692449,-0.046912846036373246,2.2643058732833454,686378.0833333334,4192.54057191217,2024,6,False
2024-07-01,698835,0.9222339840190497,3.008590497977659,688079.0,4772.471077123325,2024,7,False
2024-08-01,697039,-0.25699914858300366,1.7939262948061696,689102.6666666666,5284.619059707277,2024,8,False
2024-09-01,703055,0.863079397279054,1.9802640835621554,690240.3333333334,6648.616839535062,2024,9,False
2024-10-01,708290,0.7446074631429989,3.22700058879426,692085.5,8281.59382443316,2024,10,False
2024-11-01,711853,0.5030425390729842,3.87040949735018,694295.9166666666,9727.616296440228,2024,11,False
2024-12-01,717265,0.7602693252680037,4.515377901343043,696878.25,11378.393105322726,2024,12,False
2025-01-01,711260,-0.83720800540944,4.526964271018263,699445.25,10796.534360835965,2025,1,False
2025-02-01,711575,0.044287602283277216,3.8371176745271907,701636.5,10318.008550816032,2025,2,False
2025-03-01,723339,1.6532340231177223,5.191371660503075,704611.3333333334,11037.14056624074,2025,3,False
2025-04-01,722442,-0.12400824509669617,5.066884622208767,707514.6666666666,10734.254052367927,2025,4,False
2025-05-01,714513,-1.097527552384825,3.1379641845681316,709326.25,9815.450326592723,2025,5,False
2025-06-01,719484,0.6957186223343736,3.9042586529838275,711579.1666666666,8619.240800086289,2025,6,False
2025-07-01,727176,1.0690995213236132,4.055463736075038,713940.9166666666,8692.303287802806,2025,7,False
2025-08-01,731700,0.6221327436549018,4.972605550048126,716829.3333333334,8315.988678272157,2025,8,False
2025-09-01,732192,0.06724067240673204,4.14434148110745,719257.4166666666,8181.156558150683,2025,9,False
2025-10-01,731051,-0.15583344259428866,3.2135142385181226,721154.1666666666,8044.631194827556,2025,10,False
2025-11-01,734718,0.5016065910586232,3.212039564348257,723059.5833333334,8343.617718290854,2025,11,False
2025-12-01,734717,-0.00013610664227892144,2.4331314088934963,724513.9166666666,8752.727704284118,2025,12,False
2026-01-01,734503,-0.02912686109073359,3.267862666254251,726450.8333333334,8100.552111760359,2026,1,False
2026-02-01,741278,0.922392420453022,4.174261321715922,728926.0833333334,7668.355832539279,2026,2,False
2026-03-01,754013,1.7179789498676712,4.240611939906458,731482.25,10298.148660856908,2026,3,False
2026-04-01,759097,0.6742589318751824,5.073763706982715,734536.8333333334,12560.591581569392,2026,4,False
2026-05-01,766192,0.9346631589902232,7.232758536233774,738843.4166666666,13862.929065149328,2026,5,False
2026-06-01,768072,0.2453693069100149,6.7531731073936285,742892.4166666666,14761.063902649288,2026,6,False
2026-07-01,763602,-0.5819766896853373,5.009241229083461,745927.9166666666,14979.04308425337,2026,7,False
